{
  "vio_param_t": {
    "pc_data_dir": "/mnt/vp-nas2/TestData/WM232/logan.tian/133",
    "start_image_idx": 200,
    "end_image_idx": -1,
    "image_storage_id": [
      2048,
      2049,
      2050,
      2051,
      2052,
      2053,
      2054,
      2055
    ],
    "image_hd_storage_id": [
      -1,
      -1,
      -1,
      -1,
      -1,
      -1
    ],
    "cnn_storage_id": [
      -1,
      -1,
      -1
    ],
    "tracking_type": [
      1,
      0,
      0,
      0
    ],
    "cnn_result_type": [
      1,
      2,
      2,
      2
    ],
    "cnn_result_topic_name": [
      "water_result",
      "vp_cnn_front_parsing_map",
      "vp_cnn_back_parsing_map",
      "vp_cnn_up_parsing_map"
    ],
    "visp_channel_id_remap":[0, 2, 6, 10],
    "max_map_points":   [120, 120, 120, 120],
    "frame_grid_w":     [ 12,  12,  12, 12],
    "frame_grid_h":     [ 10,  10,  10, 10],
    "frontend_check_zncc": 0,
    "frontend_cam_type": [
      2,
      2,
      2,
      2
    ],
    "backend_cam_type": [
      2,
      2,
      2,
      2
    ],
    "frontend_hd_mode": [
      0,
      0,
      0,
      0
    ],
    "camera_flip_flag": [
      0,
      0,
      2,
      3
    ],
    "T_ic": [
      1.00000,   0.000000,  0.000000,
      0.000000,  1.00000,   0.000000,
      0.000000,  0.000000,  1.000000,
      -0.0679,   0.0,       0.0374,

      0.000000,  0.0,        1.0,
      1.000000,  0.0000000,  0.000000,
      0.000000,  1.0,        0.0,
      0.05113,   -0.0275,    -0.00675,

      0.000000, -0.069756,  -0.997564,
      -1.000000, 0.000000,   0.000000,
      0.000000,  0.997564,   -0.069756,
      -0.09807,  0.0,        -0.00676,

      0.877983,  0.0,    0.47869,
      0,        -1,        0,
      0.47869,  0,      -0.87798,
      0.0446,   -0.027,     -0.0137
    ],
    "imu_filter_delay_ms": 5.0,
    "gps_delay_ms": 200,
    "exposure_delay_ms": 7.5,
    "acc_max_range_g": 120.0,
    "gyro_max_range_rad_s": 90.0,
    "down_cam_id": 0,
    "front_cam_id": 1,
    "back_cam_id": 2,
    "up_cam_id": 3,
    "left_cam_id": 4,
    "right_cam_id": 5,
    "stereo_tracking_zncc_thre": 0.2,
    "stereo_tracking_ess_thre": 2.25,
    "min_valid_stereo_disp": 2.0,
    "stereo_epipolar_thre": 4.0,
    "frame_tracking_zncc_thre": 0.2,
    "frame_tracking_ess_thre": 2.25,
    "circular_close_thre": 1.0,
    "min_pnp_inlier_thre": 20,
    "min_pts_for_pnp": 20,
    "pnp_thre": 2.0,
    "min_obs_for_multi_view_triang": 3,
    "min_pts_mapping_success": 15,
    "triangulation_reproj_thre": 10.0,
    "min_parallex_for_keyframe": 50.0,
    "min_mpts_for_keyframe": 40,
    "min_frontend_inlier_ratio_for_keyframe": 0.5,
    "min_obs_for_cc": 3,
    "max_pdop_thre_for_cc": 20.0,
    "min_stereo_obs_for_calc_vps": 30,
    "min_stereo_obs_for_calc_cov": 15,
    "init_cov_pos": 0.0,
    "init_cov_vel": 5e-1,
    "init_cov_theta": 1e-3,
    "init_cov_ba": 1e-3,
    "init_cov_bw": 1e-4,
    "init_cov_ric": 1e-2,
    "init_cov_rrl": 1e-6,
    "noise_nw": 1e-5,
    "noise_na": 1e-4,
    "noise_nbw": 1e-6,
    "noise_nba_xy": 1e-6,
    "noise_nba_z": 4e-6,
    "noise_obs": 0.05,
    "ba_xy_thre": 0.1,
    "ba_z_thre": 0.5,
    "bw_thre": 0.01744,
    "huber_thre": 2.0,
    "avg_reproj_err_thre_cc": 10.0,
    "n_max_cc_pts": 50,
    "gps_score_thre": 40,
    "gps_sig_level_thre": 3,
    "gps_check_cnt_thre": 5,
    "gps_check_vio_vel_mismatch_cnt": 5,
    "v_err_ratio_gps_vio_thre": 0.5,
    "atti_check_cnt_thre": 5,
    "gnd_distance_thr": 0.11,
    "image_edge_dead_zone": 20,
    "imu_frequence": 200,
    "scene_dark_lum_thres": 3.0,
    "gps_check_severity": 2,
    "pc_log_save_dir": "./pc_log_save_dir",
    "pdr_mode": 0,
    "frontend_send_to_self_cali": 1
  }
}
